Title,Category,Release Date,Link
european_machine_tool_exhibitions_(eemo),Agreement,13/03/1969,https://db-comp.eu/document_1061.download
rechargeable_battery,Agreement,12/12/2016,https://db-comp.eu/document_1064.download
occupant_safety_systems_(ii)_supplied_to_the_volkswagen_group_and_the_bmw_group,Agreement,05/03/2019,https://db-comp.eu/document_1065.download
production_and_distribution_of_audiobooks,Agreement,19/01/2017,https://db-comp.eu/document_1066.download
aquatrend,Agreement,21/01/2016,https://db-comp.eu/document_1067.download
international_skating_unionâ€™s_eligibility_rules,Agreement,08/12/2017,https://db-comp.eu/document_1068.download
maco,Agreement,11/03/2016,https://db-comp.eu/document_1069.download
spark_plugs,Agreement,21/02/2018,https://db-comp.eu/document_1072.download
uefa_financial_fair_play_rules,Agreement,24/10/2014,https://db-comp.eu/document_1073.download
blocktrains,Agreement,15/07/2015,https://db-comp.eu/document_1074.download
irish_distillers,Agreement,18/11/2014,https://db-comp.eu/document_1075.download
magyar_suzuki_corporation,Agreement,14/10/2014,https://db-comp.eu/document_1077.download
parking_heaters,Agreement,17/06/2015,https://db-comp.eu/document_1078.download
40050_volkswagen_group_italia_(seat)_(may_2014)_(italian),Agreement,26/05/2014,https://db-comp.eu/document_1079.download
mastercard_ii,Agreement,22/01/2019,https://db-comp.eu/document_1080.download
alternators_and_starters,Agreement,27/01/2016,https://db-comp.eu/document_1081.download
car_battery_recycling,Agreement,08/02/2017,https://db-comp.eu/document_1084.download
lighting_systems,Agreement,21/06/2017,https://db-comp.eu/document_1085.download
maritime_car_carriers,Agreement,21/02/2018,https://db-comp.eu/document_1086.download
mushrooms,Agreement,25/06/2014,https://db-comp.eu/document_1088.download
air_franceklmalitaliadelta,Agreement,12/05/2015,https://db-comp.eu/document_1090.download
thermal_systems,Agreement,08/03/2017,https://db-comp.eu/document_1091.download
power_exchanges,Agreement,05/03/2014,https://db-comp.eu/document_1092.download
e5_-_cooperation_among_large_telecom_operators,Agreement,07/03/2013,https://db-comp.eu/document_1093.download
swiss_franc_interest_rate_derivatives(i),Agreement,21/10/2014,https://db-comp.eu/document_1095.download
bearings,Agreement,19/03/2014,https://db-comp.eu/document_1097.download
refusal_to_provide_payment_services,Agreement,23/07/2014,https://db-comp.eu/document_1098.download
braking_systems,Agreement,21/02/2018,https://db-comp.eu/document_1099.download
euro_interest_rate_derivatives,Agreement,04/12/2013,https://db-comp.eu/document_1101.download
ryanairdublin_airport_authority_and_aer_lingus,Agreement,17/10/2013,https://db-comp.eu/document_1104.download
epc_online_payments,Agreement,13/06/2013,https://db-comp.eu/document_1106.download
basf,Agreement,16/06/2015,https://db-comp.eu/document_1107.download
yen_interest_rate_derivatives_(yird),Agreement,04/12/2013,https://db-comp.eu/document_1109.download
container_shipping,Agreement,07/07/2016,https://db-comp.eu/document_1111.download
ebooks,Agreement,12/12/2012,https://db-comp.eu/document_1113.download
telefonica_and_portugal_telecom,Agreement,23/01/2013,https://db-comp.eu/document_1114.download
trucks,Agreement,19/07/2016,https://db-comp.eu/document_1119.download
italian_association_of_lehman_brothers'_bond_holders,Agreement,30/11/2011,https://db-comp.eu/document_1120.download
polyurethane_foam,Agreement,29/01/2014,https://db-comp.eu/document_1121.download
steel_abrasives,Agreement,02/04/2014,https://db-comp.eu/document_1123.download
omnismicrosoft,Agreement,01/12/2010,https://db-comp.eu/document_1124.download
envelopes,Agreement,10/12/2014,https://db-comp.eu/document_1125.download
restrictions_concerning_elt_books,Agreement,10/10/2012,https://db-comp.eu/document_1127.download
automotive_wire_harnesses,Agreement,10/07/2013,https://db-comp.eu/document_1129.download
cds_information_market,Agreement,20/07/2016,https://db-comp.eu/document_1131.download
p&i_clubs,Agreement,01/08/2012,https://db-comp.eu/document_1133.download
siemensareva,Agreement,18/06/2012,https://db-comp.eu/document_1134.download
certain_formula_one_engine_manufacturers,Agreement,04/08/2011,https://db-comp.eu/document_1135.download
baltic_max_feeder,Agreement,26/03/2010,https://db-comp.eu/document_1137.download
french_generics,Agreement,09/07/2014,https://db-comp.eu/document_1138.download
fentanyl,Agreement,10/12/2013,https://db-comp.eu/document_1139.download
virtual_print_fee_agreements,Agreement,04/03/2011,https://db-comp.eu/document_1140.download
optical_disk_drives,Agreement,21/10/2015,https://db-comp.eu/document_1142.download
rights_agency_ltdscapr_a.o.,Agreement,11/03/2011,https://db-comp.eu/document_1143.download
shrimps,Agreement,27/11/2013,https://db-comp.eu/document_1144.download
water_management_products,Agreement,27/06/2012,https://db-comp.eu/document_1146.download
power_cables,Agreement,02/04/2014,https://db-comp.eu/document_1148.download
crt_glass_bulbs,Agreement,19/10/2011,https://db-comp.eu/document_1149.download
refrigeration_compressors,Agreement,07/12/2011,https://db-comp.eu/document_1150.download
british_airwaysamerican_airlinesiberia,Agreement,14/07/2010,https://db-comp.eu/document_1152.download
continentalunitedlufthansaair_canada,Agreement,23/05/2013,https://db-comp.eu/document_1153.download
consumer_detergents,Agreement,13/04/2011,https://db-comp.eu/document_1154.download
smart_card_chips,Agreement,03/09/2014,https://db-comp.eu/document_1155.download
retail_food_packaging,Agreement,24/06/2015,https://db-comp.eu/document_1156.download
retail_food_packaging,Agreement,24/06/2015,https://db-comp.eu/document_1157.download
39510_ordre_national_des_pharmaciens_(onp)_(dec_2010)_(french),Agreement,08/12/2010,https://db-comp.eu/document_1159.download
exotic_fruit_(bananas),Agreement,12/10/2011,https://db-comp.eu/document_1160.download
freight_forwarding,Agreement,28/03/2012,https://db-comp.eu/document_1162.download
ceesaop_-_repsol,Agreement,28/04/2011,https://db-comp.eu/document_1164.download
mountings_for_windows_and_window-doors,Agreement,28/03/2012,https://db-comp.eu/document_1166.download
tv_and_computer_monitor_tubes,Agreement,05/12/2012,https://db-comp.eu/document_1167.download
ship_classification,Agreement,14/10/2009,https://db-comp.eu/document_1169.download
marine_hoses,Agreement,28/01/2009,https://db-comp.eu/document_1170.download
e.ongdf,Agreement,08/07/2009,https://db-comp.eu/document_1172.download
calcium_carbide_and_magnesium_based_reagents,Agreement,22/07/2009,https://db-comp.eu/document_1175.download
printers_(efim),Agreement,20/05/2009,https://db-comp.eu/document_1176.download
lcd,Agreement,08/12/2010,https://db-comp.eu/document_1177.download
airfreight,Agreement,09/11/2010,https://db-comp.eu/document_1178.download
rio_tinto_alcan,Agreement,20/12/2012,https://db-comp.eu/document_1182.download
bananas,Agreement,15/10/2008,https://db-comp.eu/document_1184.download
candle_waxes,Agreement,25/06/2008,https://db-comp.eu/document_1186.download
which_dfb_+_mastercard_+_fifa,Agreement,02/05/2005,https://db-comp.eu/document_1187.download
hard_haberdashery_fasteners,Agreement,19/09/2007,https://db-comp.eu/document_1188.download
flat_glass,Agreement,28/11/2007,https://db-comp.eu/document_1191.download
sabam__and_buma,Agreement,04/10/2006,https://db-comp.eu/document_1192.download
opel,Agreement,13/09/2007,https://db-comp.eu/document_1194.download
toyota_motor_europe,Agreement,13/09/2007,https://db-comp.eu/document_1195.download
fiat,Agreement,13/09/2007,https://db-comp.eu/document_1196.download
daimlerchrysler,Agreement,13/09/2007,https://db-comp.eu/document_1197.download
power_transformers,Agreement,07/10/2009,https://db-comp.eu/document_1198.download
carglass,Agreement,12/11/2008,https://db-comp.eu/document_1199.download
bathroom_fittings_&_fixtures,Agreement,23/06/2010,https://db-comp.eu/document_1202.download
gas_insulated_switchgear,Agreement,24/01/2007,https://db-comp.eu/document_1205.download
animal_feed_phosphates,Agreement,20/07/2010,https://db-comp.eu/document_1206.download
elevators_and_escalators,Agreement,21/02/2007,https://db-comp.eu/document_1207.download
fipcom_koninklijke_philips_electronics_n.v.,Agreement,09/02/2006,https://db-comp.eu/document_1208.download
bitumen_spain,Agreement,03/10/2007,https://db-comp.eu/document_1209.download
cisac,Agreement,16/07/2008,https://db-comp.eu/document_1210.download
sodium_chlorate,Agreement,11/06/2008,https://db-comp.eu/document_1212.download
cannes_agreement,Agreement,04/10/2006,https://db-comp.eu/document_1213.download
38662_gdf-enel_(oct_2004)_(french),Agreement,26/10/2004,https://db-comp.eu/document_1215.download
methacrylates,Agreement,31/05/2006,https://db-comp.eu/document_1216.download
synthetic_rubber_(br-esbr),Agreement,29/11/2006,https://db-comp.eu/document_1217.download
chloroprene_rubber,Agreement,05/12/2007,https://db-comp.eu/document_1218.download
nitrile_butadiene_rubber,Agreement,23/01/2008,https://db-comp.eu/document_1219.download
deep-sea_maritime_transport_of_bulk_liquids,Agreement,08/05/2008,https://db-comp.eu/document_1220.download
hydrogen_peroxide,Agreement,03/05/2006,https://db-comp.eu/document_1221.download
groupement_des_cartes_bancaires_'cb',Agreement,17/10/2007,https://db-comp.eu/document_1222.download
deep-sea_car_carriers,Agreement,28/03/2003,https://db-comp.eu/document_1223.download
heat_stabilisers,Agreement,11/11/2009,https://db-comp.eu/document_1224.download
audi_deutschland,Agreement,20/01/2003,https://db-comp.eu/document_1227.download
bareme_d'honoraires_de_l'ordre_des_architectes_belges,Agreement,24/06/2004,https://db-comp.eu/document_1228.download
international_removal_services,Agreement,11/03/2008,https://db-comp.eu/document_1230.download
drams,Agreement,19/05/2010,https://db-comp.eu/document_1231.download
british_airways_and_iberia,Agreement,10/12/2003,https://db-comp.eu/document_1232.download
british_airways__sn_brussels_airlines,Agreement,10/03/2003,https://db-comp.eu/document_1233.download
bitumen_nederland,Agreement,13/09/2006,https://db-comp.eu/document_1234.download
rubber_chemicals,Agreement,21/12/2005,https://db-comp.eu/document_1235.download
professional_videotape,Agreement,20/11/2007,https://db-comp.eu/document_1236.download
pay_television_film_output_agreements,Agreement,26/10/2004,https://db-comp.eu/document_1237.download
emceuropean_cement_producers,Agreement,28/09/2005,https://db-comp.eu/document_1238.download
uknetwork_sharing_agreement,Agreement,30/04/2003,https://db-comp.eu/document_1239.download
network_sharing_rahmenvertrag,Agreement,16/07/2003,https://db-comp.eu/document_1240.download
electrical_and_mechanical_carbon_and_graphite_products,Agreement,03/12/2003,https://db-comp.eu/document_1241.download
industrial_bags,Agreement,30/11/2005,https://db-comp.eu/document_1242.download
repsol_c.p.p._sadistribution_de_carburants_et_combustibles,Agreement,12/04/2006,https://db-comp.eu/document_1243.download
pre-stressing_steel,Agreement,30/06/2010,https://db-comp.eu/document_1244.download
poneedles,Agreement,26/10/2004,https://db-comp.eu/document_1246.download
thread,Agreement,14/09/2005,https://db-comp.eu/document_1247.download
opodo,Agreement,09/12/2002,https://db-comp.eu/document_1248.download
38307_territorial_restrictions_germany_(gasprom)_(june_2005)_(press_release),Agreement,10/06/2005,https://db-comp.eu/document_1249.download
telenor__canal+__canal_digital,Agreement,29/12/2003,https://db-comp.eu/document_1250.download
societe_air_francealitalia_linee_aeree_italiane,Agreement,07/04/2004,https://db-comp.eu/document_1251.download
raw_tobacco_italy,Agreement,20/10/2005,https://db-comp.eu/document_1252.download
french_beef,Agreement,02/04/2003,https://db-comp.eu/document_1253.download
38264_european_hydro_power_(ehp)_(jan_2002)_(french),Agreement,15/01/2002,https://db-comp.eu/document_1254.download
industrial_tubes,Agreement,16/12/2003,https://db-comp.eu/document_1255.download
raw_tobacco_spain,Agreement,20/10/2004,https://db-comp.eu/document_1256.download
bancassurance,Agreement,15/11/2001,https://db-comp.eu/document_1258.download
dongduc,Agreement,24/04/2003,https://db-comp.eu/document_1259.download
the_football_association_premier_league_limited,Agreement,22/03/2006,https://db-comp.eu/document_1260.download
reims_ii_renotification,Agreement,23/10/2003,https://db-comp.eu/document_1261.download
meca_medina_et_majcen_.._cio,Agreement,01/08/2002,https://db-comp.eu/document_1262.download
de_beers'_supplier_of_choice,Agreement,16/01/2003,https://db-comp.eu/document_1263.download
fittings,Agreement,20/09/2006,https://db-comp.eu/document_1264.download
eudorsia,Agreement,10/12/2001,https://db-comp.eu/document_1265.download
eutilia,Agreement,10/12/2001,https://db-comp.eu/document_1266.download
maersk_and_p&o_nedlloyd,Agreement,17/04/2002,https://db-comp.eu/document_1267.download
copper_plumbing_tubes,Agreement,03/09/2004,https://db-comp.eu/document_1268.download
covisint,Agreement,31/07/2001,https://db-comp.eu/document_1269.download
inreon_online_reinsurance_exchange,Agreement,24/05/2002,https://db-comp.eu/document_1270.download
ifpi_'simulcasting',Agreement,08/10/2002,https://db-comp.eu/document_1271.download
souris-topps,Agreement,26/05/2004,https://db-comp.eu/document_1273.download
methylglucamine,Agreement,27/11/2002,https://db-comp.eu/document_1274.download
yamaha,Agreement,16/07/2003,https://db-comp.eu/document_1275.download
p&o_stena_line,Agreement,07/06/2001,https://db-comp.eu/document_1279.download
stichting_euro_2000,Agreement,13/12/2002,https://db-comp.eu/document_1280.download
3g_patent_platform,Agreement,12/11/2002,https://db-comp.eu/document_1281.download
bank_charges_for_exchanging_euro-zone_currencies_germany,Agreement,11/12/2001,https://db-comp.eu/document_1282.download
sammelrevers_and_internetbuchhandel,Agreement,22/03/2002,https://db-comp.eu/document_1283.download
interbrew,Agreement,15/04/2003,https://db-comp.eu/document_1284.download
gmfiat,Agreement,16/08/2000,https://db-comp.eu/document_1285.download
morgan_stanley_dean_wittervisa,Agreement,03/10/2007,https://db-comp.eu/document_1286.download
organic_peroxyde,Agreement,10/12/2003,https://db-comp.eu/document_1287.download
carlsberg_and_heineken,Agreement,04/11/2002,https://db-comp.eu/document_1288.download
bmi_british_midland_lufthansa_sas,Agreement,13/06/2001,https://db-comp.eu/document_1289.download
nigeria_lng,Agreement,12/12/2002,https://db-comp.eu/document_1290.download
enicuefa,Agreement,25/06/2002,https://db-comp.eu/document_1293.download
precision_blasting,Agreement,08/05/2000,https://db-comp.eu/document_1294.download
luxembourg_brewers,Agreement,05/12/2001,https://db-comp.eu/document_1295.download
fine_art_auction_houses,Agreement,30/10/2002,https://db-comp.eu/document_1296.download
mcaa,Agreement,19/01/2005,https://db-comp.eu/document_1297.download
netherlands_beer_market,Agreement,18/04/2007,https://db-comp.eu/document_1299.download
french_beer_market,Agreement,29/09/2004,https://db-comp.eu/document_1300.download
synergen,Agreement,31/05/2002,https://db-comp.eu/document_1302.download
aualh,Agreement,05/07/2002,https://db-comp.eu/document_1303.download
food_flavour_enhancers,Agreement,17/12/2002,https://db-comp.eu/document_1304.download
speciality_graphite,Agreement,17/12/2002,https://db-comp.eu/document_1305.download
jama,Agreement,01/12/1999,https://db-comp.eu/document_1306.download
interbrew_and_alken-maes,Agreement,05/12/2001,https://db-comp.eu/document_1307.download
uefa_broadcasting_regulations,Agreement,19/04/2001,https://db-comp.eu/document_1308.download
eutelsat_restructuring,Agreement,27/11/2000,https://db-comp.eu/document_1309.download
choline_chloride,Agreement,09/12/2004,https://db-comp.eu/document_1310.download
methionine,Agreement,02/07/2002,https://db-comp.eu/document_1311.download
vitamins,Agreement,21/11/2001,https://db-comp.eu/document_1312.download
dvd_patent_licensing_programme,Agreement,03/10/2000,https://db-comp.eu/document_1313.download
identrus,Agreement,31/07/2001,https://db-comp.eu/document_1314.download
sas_maersk_air,Agreement,18/07/2001,https://db-comp.eu/document_1315.download
broadcasting_in_belgium_of_french_horseraces,Agreement,22/01/2001,https://db-comp.eu/document_1316.download
lif,Agreement,17/08/1999,https://db-comp.eu/document_1317.download
joint_selling_of_the_commercial_rights_of_the_uefa_champions_league,Agreement,23/07/2003,https://db-comp.eu/document_1318.download
revised_taca,Agreement,14/11/2002,https://db-comp.eu/document_1319.download
sorbates,Agreement,01/10/2003,https://db-comp.eu/document_1320.download
philipssony,Agreement,07/08/2003,https://db-comp.eu/document_1323.download
dfb_(joint_selling_of_the_media_rights_to_the_german_bundesliga),Agreement,19/01/2005,https://db-comp.eu/document_1325.download
esat_telecomirish_rail,Agreement,02/07/1999,https://db-comp.eu/document_1326.download
plasterboard,Agreement,27/11/2002,https://db-comp.eu/document_1327.download
upsdp_and_dhl,Agreement,10/08/1999,https://db-comp.eu/document_1328.download
37124_fifa_rules_on_players'_agents_(april_2002)_(french),Agreement,16/04/2002,https://db-comp.eu/document_1329.download
zinc_phosphate,Agreement,11/12/2001,https://db-comp.eu/document_1331.download
glaxo_wellcome,Agreement,08/05/2001,https://db-comp.eu/document_1333.download
microsoft_internet_explorer_licensing,Agreement,10/05/1999,https://db-comp.eu/document_1334.download
mouscron,Agreement,09/12/1999,https://db-comp.eu/document_1335.download
mpeg-2,Agreement,18/12/1998,https://db-comp.eu/document_1336.download
polfin,Agreement,23/03/1999,https://db-comp.eu/document_1337.download
unisource,Agreement,29/12/2000,https://db-comp.eu/document_1338.download
yoplaitvalio,Agreement,23/06/1999,https://db-comp.eu/document_1339.download
nederlandse_vissersbond,Agreement,23/01/2001,https://db-comp.eu/document_1340.download
36756_sodium_gluconate_(oct_2001)_(french),Agreement,02/10/2001,https://db-comp.eu/document_1342.download
reims_ii,Agreement,15/09/1999,https://db-comp.eu/document_1343.download
ceced,Agreement,24/01/1999,https://db-comp.eu/document_1344.download
eecaksia_(flash_eproms),Agreement,10/03/1998,https://db-comp.eu/document_1345.download
eecaksia_(dcms_for_drams),Agreement,10/03/1998,https://db-comp.eu/document_1346.download
volkswagen,Agreement,29/06/2001,https://db-comp.eu/document_1349.download
opel,Agreement,20/09/2000,https://db-comp.eu/document_1350.download
sep_et_autrespeugeot_sa,Agreement,05/10/2005,https://db-comp.eu/document_1351.download
sanofi_bristol-myers_squibb,Agreement,20/03/1998,https://db-comp.eu/document_1352.download
citric_acid,Agreement,05/12/2001,https://db-comp.eu/document_1353.download
cegetelfrance,Agreement,20/05/1999,https://db-comp.eu/document_1354.download
fifa_regulations_on__international_football_transfers,Agreement,05/06/2002,https://db-comp.eu/document_1355.download
telecom_developpement,Agreement,27/07/1999,https://db-comp.eu/document_1356.download
austrian_banks_-_â€˜lombard_clubâ€™,Agreement,11/06/2002,https://db-comp.eu/document_1357.download
british_gas_and_wingas,Agreement,12/09/2002,https://db-comp.eu/document_1358.download
amino_acids,Agreement,07/06/2000,https://db-comp.eu/document_1359.download
british_interactive_broadcasting,Agreement,15/09/1999,https://db-comp.eu/document_1360.download
yves_saint_laurent,Agreement,17/05/2001,https://db-comp.eu/document_1361.download
nathanbricolux,Agreement,05/07/2000,https://db-comp.eu/document_1362.download
roberts__greene_king,Agreement,12/11/1998,https://db-comp.eu/document_1363.download
eacem,Agreement,15/04/1998,https://db-comp.eu/document_1364.download
graphite_electrodes,Agreement,18/07/2001,https://db-comp.eu/document_1365.download
inntrepreneur_and_spring,Agreement,29/06/2000,https://db-comp.eu/document_1366.download
eurosal_iii_consortium,Agreement,07/10/1997,https://db-comp.eu/document_1367.download
vsa_notification,Agreement,03/09/1997,https://db-comp.eu/document_1368.download
mercedes-benz,Agreement,10/10/2001,https://db-comp.eu/document_1369.download
p&o_stena_line,Agreement,26/01/1999,https://db-comp.eu/document_1370.download
marathon,Agreement,16/04/2003,https://db-comp.eu/document_1373.download
tps,Agreement,03/03/1999,https://db-comp.eu/document_1374.download
geaep&w,Agreement,14/09/1999,https://db-comp.eu/document_1375.download
carbonless_paper,Agreement,20/12/2001,https://db-comp.eu/document_1377.download
"alliance_between_lufthansa,_sas_and_united_airlines",Agreement,28/10/2002,https://db-comp.eu/document_1378.download
internationale_dentalschau,Agreement,10/09/1999,https://db-comp.eu/document_1379.download
epi_code_of_conduct,Agreement,07/04/1999,https://db-comp.eu/document_1380.download
bass,Agreement,16/06/1999,https://db-comp.eu/document_1381.download
gfu,Agreement,17/07/2002,https://db-comp.eu/document_1382.download
scottish_and_newcastle,Agreement,16/06/1999,https://db-comp.eu/document_1384.download
atrbae,Agreement,11/09/1995,https://db-comp.eu/document_1385.download
jcb,Agreement,21/12/2000,https://db-comp.eu/document_1386.download
seamless_steel_tube,Agreement,08/12/1999,https://db-comp.eu/document_1387.download
scandairy,Agreement,05/08/1997,https://db-comp.eu/document_1388.download
unisource,Agreement,29/10/1997,https://db-comp.eu/document_1389.download
west_coastmeditemmean_agreement,Agreement,05/03/1997,https://db-comp.eu/document_1391.download
ipex_consortium,Agreement,16/02/1998,https://db-comp.eu/document_1392.download
joint_operational_service_agreement,Agreement,05/03/1997,https://db-comp.eu/document_1393.download
joint_pool_agreement,Agreement,03/04/1996,https://db-comp.eu/document_1394.download
ncs_consortium,Agreement,07/10/1997,https://db-comp.eu/document_1395.download
consortium_joint_mediterranean_canada_service,Agreement,03/04/1996,https://db-comp.eu/document_1396.download
consortium_east_africa_container_service_(eacs),Agreement,27/03/1996,https://db-comp.eu/document_1397.download
st_lawrence_coordinated_service_(slcs),Agreement,27/03/1996,https://db-comp.eu/document_1398.download
uniworld,Agreement,29/10/1997,https://db-comp.eu/document_1400.download
vw,Agreement,28/01/1998,https://db-comp.eu/document_1401.download
pre-insulated_pipe_cartel,Agreement,21/10/1998,https://db-comp.eu/document_1402.download
baltic_liner_conference_agreement,Agreement,09/01/1997,https://db-comp.eu/document_1403.download
novalliancesystemform,Agreement,04/12/1996,https://db-comp.eu/document_1404.download
ail,Agreement,14/04/1998,https://db-comp.eu/document_1405.download
phoenixglobalone,Agreement,17/07/1996,https://db-comp.eu/document_1406.download
southern_africa_europe_container_service_(saecs_ill),Agreement,25/02/1998,https://db-comp.eu/document_1407.download
tuborgpripps,Agreement,18/06/1998,https://db-comp.eu/document_1408.download
po_video_games_-_po_nintendo_distribution_-_omega_—_nintendo,Agreement,30/10/2002,https://db-comp.eu/document_1409.download
general_council_of_the_bar_of_england_and_wales,Agreement,12/01/2001,https://db-comp.eu/document_1410.download
lhsas,Agreement,16/01/1996,https://db-comp.eu/document_1411.download
iridium,Agreement,18/12/1996,https://db-comp.eu/document_1412.download
35488_hansaferry_(july_1996)_(swedish),Agreement,04/07/1996,https://db-comp.eu/document_1413.download
austrian_system_for_the_disposal_of_packaging_waste,Agreement,16/10/2003,https://db-comp.eu/document_1414.download
atlas,Agreement,17/07/1996,https://db-comp.eu/document_1416.download
sicasov,Agreement,14/12/1998,https://db-comp.eu/document_1417.download
fifa,Agreement,29/09/2000,https://db-comp.eu/document_1418.download
whitbread,Agreement,24/02/1999,https://db-comp.eu/document_1420.download
fenex,Agreement,05/06/1996,https://db-comp.eu/document_1421.download
eco-emballages,Agreement,15/06/2001,https://db-comp.eu/document_1422.download
nail,Agreement,05/03/1998,https://db-comp.eu/document_1423.download
fujitsu_amd_semiconductor,Agreement,12/12/1994,https://db-comp.eu/document_1424.download
btmci,Agreement,27/07/1994,https://db-comp.eu/document_1425.download
pasteur_merieux-merck,Agreement,06/10/1994,https://db-comp.eu/document_1426.download
international_private_satellite_partners,Agreement,15/12/1994,https://db-comp.eu/document_1427.download
banque_nationale_de_parisdresdner_bank,Agreement,24/06/1996,https://db-comp.eu/document_1429.download
night_services,Agreement,21/09/1994,https://db-comp.eu/document_1430.download
mastercard_i,Agreement,19/12/2007,https://db-comp.eu/document_1431.download
aci,Agreement,27/07/1994,https://db-comp.eu/document_1433.download
ferry_operators_-_currency_surcharges,Agreement,30/10/1996,https://db-comp.eu/document_1434.download
tariff_structures_in_the_combined_transport_of_goods,Agreement,24/02/1993,https://db-comp.eu/document_1436.download
stichting_baksteen,Agreement,29/04/1994,https://db-comp.eu/document_1439.download
trans-atlantic_agreement,Agreement,19/10/1994,https://db-comp.eu/document_1440.download
olivettidigital,Agreement,11/11/1994,https://db-comp.eu/document_1441.download
pelikan_kyocera,Agreement,26/09/1995,https://db-comp.eu/document_1442.download
adalat,Agreement,10/01/1996,https://db-comp.eu/document_1443.download
philipsosram,Agreement,21/12/1994,https://db-comp.eu/document_1444.download
europe_asia_trades_agreement,Agreement,30/04/1999,https://db-comp.eu/document_1445.download
stichting_certificatie_kraanverhuurbedrijf_and_the_federatie_van_nederlandse_kraanverhuurbedrijven,Agreement,29/11/1995,https://db-comp.eu/document_1446.download
van_den_bergh_foods_limited,Agreement,11/03/1998,https://db-comp.eu/document_1447.download
far_east_trade_tariff_and_surcharges_agreement_(fettsca),Agreement,16/05/2000,https://db-comp.eu/document_1448.download
postorderbondabn-amro,Agreement,08/09/1999,https://db-comp.eu/document_1449.download
hov_svzmcn,Agreement,29/03/1994,https://db-comp.eu/document_1450.download
feg_and_tu,Agreement,26/10/1999,https://db-comp.eu/document_1451.download
asahisaint-gobain,Agreement,16/12/1994,https://db-comp.eu/document_1452.download
cartonboard_eu,Agreement,13/07/1994,https://db-comp.eu/document_1453.download
fordvolkswagen,Agreement,23/12/1992,https://db-comp.eu/document_1454.download
basf_lacke_and_farben,Agreement,12/07/1995,https://db-comp.eu/document_1455.download
vag_france,Agreement,23/09/1996,https://db-comp.eu/document_1457.download
british_sugar,Agreement,14/10/1998,https://db-comp.eu/document_1458.download
caterpillar,Agreement,01/04/2003,https://db-comp.eu/document_1459.download
coapi,Agreement,30/01/1995,https://db-comp.eu/document_1460.download
exxonshell,Agreement,18/05/1994,https://db-comp.eu/document_1461.download
distribution_of_railway_tickets_by_travel_agents,Agreement,25/11/1992,https://db-comp.eu/document_1462.download
british_midlandaer_lingus,Agreement,26/02/1992,https://db-comp.eu/document_1463.download
parfums_givenchy_system_of_selective_distribution,Agreement,24/07/1992,https://db-comp.eu/document_1464.download
scottish_salmon_board,Agreement,30/07/1992,https://db-comp.eu/document_1465.download
"scottish_nuclear,_nuclear_energy_agreement",Agreement,30/04/1991,https://db-comp.eu/document_1466.download
cnsd,Agreement,30/06/1993,https://db-comp.eu/document_1468.download
distribution_of_package_tours_during_the_1990_world_cup,Agreement,27/10/1992,https://db-comp.eu/document_1469.download
pmidsv,Agreement,31/01/1995,https://db-comp.eu/document_1470.download
yves_saint_laurent_parfums,Agreement,16/12/1991,https://db-comp.eu/document_1472.download
far_eastern_freight_conference,Agreement,21/12/1994,https://db-comp.eu/document_1473.download
eco_systempeugeot,Agreement,04/12/1991,https://db-comp.eu/document_1474.download
jahrhundertvertrag_vikgvst,Agreement,22/12/1992,https://db-comp.eu/document_1475.download
"soda-ash_-_solvay,_cfk",Agreement,19/12/1990,https://db-comp.eu/document_1477.download
"soda-ash_-_solvay,_cfk",Agreement,19/12/1990,https://db-comp.eu/document_1478.download
assurpol,Agreement,14/01/1992,https://db-comp.eu/document_1479.download
fiathitachi,Agreement,21/12/1992,https://db-comp.eu/document_1480.download
ansae,Agreement,19/12/1990,https://db-comp.eu/document_1481.download
tretorn,Agreement,21/12/1994,https://db-comp.eu/document_1483.download
vihotoshiba,Agreement,05/06/1991,https://db-comp.eu/document_1484.download
bayer_dental,Agreement,28/11/1990,https://db-comp.eu/document_1485.download
quantel_international-continuumquantel_sa,Agreement,27/07/1992,https://db-comp.eu/document_1486.download
lloyd's_underwriters'_association_and_the_institute_of_london_underwriters,Agreement,04/12/1992,https://db-comp.eu/document_1487.download
iata_cargo_agency_programme,Agreement,30/07/1991,https://db-comp.eu/document_1488.download
astra,Agreement,23/12/1992,https://db-comp.eu/document_1489.download
eirpage,Agreement,18/10/1991,https://db-comp.eu/document_1490.download
mooseheadwhitbread,Agreement,23/03/1990,https://db-comp.eu/document_1491.download
ijsselcentrale,Agreement,16/01/1991,https://db-comp.eu/document_1492.download
vihoparker_pen,Agreement,15/07/1992,https://db-comp.eu/document_1493.download
konsortium_ecr_900,Agreement,27/07/1990,https://db-comp.eu/document_1494.download
cekacan,Agreement,15/10/1990,https://db-comp.eu/document_1495.download
iata_passenger_agency_programme,Agreement,30/07/1991,https://db-comp.eu/document_1496.download
d'leteren_motor_oils,Agreement,19/12/1990,https://db-comp.eu/document_1497.download
screensportebu_members,Agreement,19/02/1991,https://db-comp.eu/document_1498.download
eurotunnel,Agreement,13/12/1994,https://db-comp.eu/document_1499.download
"cewal,_cowac_and_ukwal",Agreement,01/04/1992,https://db-comp.eu/document_1500.download
"cewal,_cowac_and_ukwal",Agreement,23/12/1992,https://db-comp.eu/document_1503.download
eurotunnel,Agreement,24/10/1988,https://db-comp.eu/document_1505.download
sugar_beet,Agreement,19/12/1989,https://db-comp.eu/document_1506.download
teko,Agreement,20/12/1989,https://db-comp.eu/document_1507.download
bbc_brown_boveri,Agreement,11/10/1988,https://db-comp.eu/document_1508.download
ksbgouldslowaraitt,Agreement,12/12/1990,https://db-comp.eu/document_1509.download
servicemaster,Agreement,14/11/1988,https://db-comp.eu/document_1510.download
olivetticanon,Agreement,22/12/1987,https://db-comp.eu/document_1511.download
newittdunlop_slazenger_international,Agreement,18/03/1992,https://db-comp.eu/document_1512.download
concordato_incendio,Agreement,20/12/1989,https://db-comp.eu/document_1513.download
apb,Agreement,14/12/1989,https://db-comp.eu/document_1514.download
gosmemartell_-_dmp,Agreement,15/05/1991,https://db-comp.eu/document_1515.download
continentalmichelin,Agreement,11/10/1988,https://db-comp.eu/document_1516.download
ebueurovision_system,Agreement,11/06/1993,https://db-comp.eu/document_1518.download
bayerbp_chemicals,Agreement,05/05/1988,https://db-comp.eu/document_1519.download
computerland,Agreement,13/07/1987,https://db-comp.eu/document_1521.download
auditel,Agreement,24/11/1993,https://db-comp.eu/document_1522.download
bayo-n-ox,Agreement,13/12/1989,https://db-comp.eu/document_1523.download
elopakmetal_box_-_odin,Agreement,13/07/1990,https://db-comp.eu/document_1524.download
alcatel_espaceant_nachrichtentechnik,Agreement,12/01/1990,https://db-comp.eu/document_1525.download
argunipart,Agreement,22/12/1987,https://db-comp.eu/document_1526.download
flat_glass,Agreement,07/12/1988,https://db-comp.eu/document_1527.download
ivecoford,Agreement,20/07/1988,https://db-comp.eu/document_1528.download
ldpe,Agreement,21/12/1988,https://db-comp.eu/document_1529.download
pvc,Agreement,21/12/1988,https://db-comp.eu/document_1531.download
enichemici,Agreement,22/12/1987,https://db-comp.eu/document_1532.download
baltic_international_freight_futures_exchange_limited,Agreement,13/07/1987,https://db-comp.eu/document_1533.download
sandoz,Agreement,13/07/1987,https://db-comp.eu/document_1534.download
internationale_dentalschau,Agreement,18/09/1987,https://db-comp.eu/document_1535.download
new_potatoes,Agreement,18/12/1987,https://db-comp.eu/document_1536.download
film_purchases_by_german_television_stations,Agreement,15/09/1989,https://db-comp.eu/document_1537.download
charles_jourdan,Agreement,02/12/1988,https://db-comp.eu/document_1538.download
vichy,Agreement,11/01/1991,https://db-comp.eu/document_1539.download
the_london_meat_futures_exchange_limited,Agreement,10/12/1986,https://db-comp.eu/document_1540.download
british_dental_trade_association_-_bdta,Agreement,11/07/1988,https://db-comp.eu/document_1541.download
building_and_construction_industry_in_the_netherlands,Agreement,05/02/1992,https://db-comp.eu/document_1542.download
sippa,Agreement,15/02/1991,https://db-comp.eu/document_1543.download
welded_steel_mesh,Agreement,02/08/1989,https://db-comp.eu/document_1544.download
zeramontedison_and_ihinkensstähler,Agreement,22/06/1993,https://db-comp.eu/document_1545.download
langneseiglo_gmbh,Agreement,23/12/1992,https://db-comp.eu/document_1546.download
konica,Agreement,18/12/1987,https://db-comp.eu/document_1547.download
dutch_banks,Agreement,19/07/1989,https://db-comp.eu/document_1548.download
delta_chemieddd,Agreement,13/10/1988,https://db-comp.eu/document_1549.download
xopen_group,Agreement,15/12/1986,https://db-comp.eu/document_1550.download
yves_rocher,Agreement,17/12/1986,https://db-comp.eu/document_1551.download
hudson's_bay-dansk_pelsdyravlerforening,Agreement,28/10/1988,https://db-comp.eu/document_1552.download
ford_agricultural,Agreement,15/12/1992,https://db-comp.eu/document_1553.download
bloemenveilingen_aalsmeer,Agreement,26/07/1988,https://db-comp.eu/document_1554.download
roofing_felt,Agreement,10/07/1986,https://db-comp.eu/document_1555.download
uk_agricultural_tractor_registration_exchange,Agreement,17/02/1992,https://db-comp.eu/document_1556.download
irish_banks'_standing_committee,Agreement,30/09/1986,https://db-comp.eu/document_1557.download
abi,Agreement,12/12/1986,https://db-comp.eu/document_1558.download
mitchell_cottssofiltra,Agreement,17/12/1986,https://db-comp.eu/document_1559.download
boussoisinterpane,Agreement,15/12/1986,https://db-comp.eu/document_1560.download
uniform_eurocheques,Agreement,19/12/1988,https://db-comp.eu/document_1561.download
rich_productsjus-rol,Agreement,22/12/1987,https://db-comp.eu/document_1562.download
meldoc,Agreement,26/11/1986,https://db-comp.eu/document_1563.download
tipp-ex,Agreement,10/07/1987,https://db-comp.eu/document_1564.download
polypropylene,Agreement,23/04/1986,https://db-comp.eu/document_1565.download
peugeot,Agreement,25/09/1986,https://db-comp.eu/document_1566.download
fatty_acids,Agreement,02/12/1986,https://db-comp.eu/document_1567.download
enimontedison,Agreement,04/12/1986,https://db-comp.eu/document_1568.download
tetra_pak_i_(btg_licence),"Dominance, Agreement",26/07/1988,https://db-comp.eu/document_1569.download
french_inland_waterway_charter_traffic_eate_levy,Agreement,10/07/1985,https://db-comp.eu/document_1570.download
fisher-pricequaker_oats_ltd_-_toyco,Agreement,18/12/1987,https://db-comp.eu/document_1571.download
agreements_and_concerted_practices_in_the_flat-glass_sector_in_the_benelux_countries,Agreement,23/07/1984,https://db-comp.eu/document_1572.download
decca_navigator_system,Agreement,21/12/1988,https://db-comp.eu/document_1573.download
bpkellogg,Agreement,02/12/1985,https://db-comp.eu/document_1574.download
pronuptia,Agreement,17/12/1986,https://db-comp.eu/document_1575.download
peroxygen_products,Agreement,23/11/1984,https://db-comp.eu/document_1576.download
bpclici,Agreement,19/07/1984,https://db-comp.eu/document_1577.download
ibm_personal_computer,Agreement,18/04/1984,https://db-comp.eu/document_1578.download
lvoclar,Agreement,27/11/1985,https://db-comp.eu/document_1579.download
sperry_new_holland,Agreement,16/12/1985,https://db-comp.eu/document_1580.download
synthetic_fibres,Agreement,04/07/1984,https://db-comp.eu/document_1581.download
john_deere,Agreement,14/12/1984,https://db-comp.eu/document_1582.download
nuovo_cegam,Agreement,30/03/1984,https://db-comp.eu/document_1583.download
siemensfanuc,Agreement,18/12/1985,https://db-comp.eu/document_1584.download
eurocheque__helsinki_agreement,Agreement,25/03/1992,https://db-comp.eu/document_1586.download
eurocheque__helsinki_agreement,Agreement,10/12/1984,https://db-comp.eu/document_1587.download
distribution_system_of_ford_werke_ag,Agreement,16/11/1983,https://db-comp.eu/document_1588.download
iptc_belgium,Agreement,05/12/1983,https://db-comp.eu/document_1589.download
murat,Agreement,05/12/1983,https://db-comp.eu/document_1590.download
mecaniver-ppg,Agreement,12/12/1984,https://db-comp.eu/document_1591.download
villeroy_&_boch,Agreement,16/12/1985,https://db-comp.eu/document_1592.download
polistil_arbois,Agreement,16/05/1984,https://db-comp.eu/document_1593.download
sole_distribution_agreements_for_whisky_and_gin,Agreement,13/12/1985,https://db-comp.eu/document_1594.download
uip,Agreement,12/07/1989,https://db-comp.eu/document_1596.download
international_energy_agency,Agreement,12/12/1983,https://db-comp.eu/document_1597.download
amersham_buchler,Agreement,29/10/1982,https://db-comp.eu/document_1599.download
rockwelliveco,Agreement,13/07/1983,https://db-comp.eu/document_1601.download
nutriciade_rooij_and_nutriciazuid-hollandse_conservenfabriek,Agreement,12/12/1983,https://db-comp.eu/document_1602.download
p_&_i_clubs,Agreement,16/12/1985,https://db-comp.eu/document_1603.download
p_&_i_clubs,Agreement,12/04/1999,https://db-comp.eu/document_1604.download
zinc_producer_group,Agreement,06/08/1984,https://db-comp.eu/document_1605.download
optical_fibres,Agreement,14/07/1986,https://db-comp.eu/document_1606.download
fire_insurance,Agreement,05/12/1984,https://db-comp.eu/document_1607.download
grohe's_distribution_system,Agreement,10/12/1984,https://db-comp.eu/document_1609.download
ideal-standard's_distribution_system,Agreement,10/12/1984,https://db-comp.eu/document_1610.download
moet_et_chandon_(london)_ltd,Agreement,27/11/1981,https://db-comp.eu/document_1611.download
petroleum_exchange_of_london_limited,Agreement,10/12/1986,https://db-comp.eu/document_1612.download
vimpoltu,Agreement,13/07/1983,https://db-comp.eu/document_1613.download
carlsberg,Agreement,12/07/1984,https://db-comp.eu/document_1614.download
toltecsdorcet,Agreement,15/12/1982,https://db-comp.eu/document_1615.download
schlegelcpio,Agreement,06/12/1983,https://db-comp.eu/document_1616.download
cafeteros_de_colombia,Agreement,10/12/1982,https://db-comp.eu/document_1617.download
national_panasonic,Agreement,07/12/1982,https://db-comp.eu/document_1618.download
cast_iron_and_steel_rolls,Agreement,17/10/1983,https://db-comp.eu/document_1619.download
breeders'_rights_roses,Agreement,13/12/1985,https://db-comp.eu/document_1620.download
na_vewa-anseau,Agreement,17/12/1981,https://db-comp.eu/document_1622.download
italian_flat_glass,Agreement,28/09/1981,https://db-comp.eu/document_1623.download
langenscheidthachette,Agreement,17/11/1981,https://db-comp.eu/document_1624.download
gema_statutes,Agreement,04/12/1981,https://db-comp.eu/document_1625.download
carbon_gas_technologie,Agreement,08/12/1983,https://db-comp.eu/document_1626.download
arowbnic,Agreement,15/12/1982,https://db-comp.eu/document_1627.download
italian_cast_glass,Agreement,17/12/1980,https://db-comp.eu/document_1628.download
wood_pulp,Agreement,19/12/1984,https://db-comp.eu/document_1629.download
johnson_&_johnson,Agreement,25/11/1980,https://db-comp.eu/document_1630.download
the_london_grain_futures_market,Agreement,10/12/1986,https://db-comp.eu/document_1631.download
floral,Agreement,28/11/1979,https://db-comp.eu/document_1632.download
rolled_zinc_products_and_zinc_alloys,Agreement,14/12/1982,https://db-comp.eu/document_1633.download
saba's_eec_distribution_system,Agreement,21/12/1983,https://db-comp.eu/document_1634.download
pioneer_hi-fi_equipment,Agreement,14/12/1979,https://db-comp.eu/document_1635.download
white_lead,Agreement,12/12/1978,https://db-comp.eu/document_1637.download
ssi,Agreement,15/07/1982,https://db-comp.eu/document_1638.download
snpe-lel,Agreement,12/06/1978,https://db-comp.eu/document_1639.download
arthur_bell_and_sons_ltd_-_conditions_of_sale,Agreement,28/07/1978,https://db-comp.eu/document_1640.download
kawasaki,Agreement,12/12/1978,https://db-comp.eu/document_1641.download
gec-weir_sodium_circulators,Agreement,23/11/1977,https://db-comp.eu/document_1642.download
grundig's_eec_distribution_system,Agreement,10/07/1985,https://db-comp.eu/document_1644.download
spices,Agreement,21/12/1977,https://db-comp.eu/document_1645.download
windsurfing_international,Agreement,11/07/1983,https://db-comp.eu/document_1646.download
visa_international,Agreement,24/07/2002,https://db-comp.eu/document_1647.download
visa_international,Agreement,09/08/2001,https://db-comp.eu/document_1648.download
vw-man,Agreement,05/12/1983,https://db-comp.eu/document_1649.download
vaessenmoris,Agreement,10/01/1979,https://db-comp.eu/document_1650.download
cane_sugar_supply_agreements,Agreement,07/12/1979,https://db-comp.eu/document_1651.download
penneys,Agreement,23/12/1977,https://db-comp.eu/document_1652.download
sopelem-vickers,Agreement,26/11/1981,https://db-comp.eu/document_1653.download
sopelem-vickers,Agreement,21/12/1977,https://db-comp.eu/document_1654.download
vegetable_parchment,Agreement,23/12/1977,https://db-comp.eu/document_1655.download
video_cassette_recorders,Agreement,20/12/1977,https://db-comp.eu/document_1656.download
bmw_belgium_nv_and_belgian_bmw_dealers,Agreement,23/12/1977,https://db-comp.eu/document_1657.download
wano_schwarzpulver,Agreement,20/10/1978,https://db-comp.eu/document_1658.download
the_gafta_soya_bean_meal_futures_association,Agreement,10/12/1986,https://db-comp.eu/document_1659.download
bp_kemi_-ddsf,Agreement,05/09/1979,https://db-comp.eu/document_1660.download
miller_international_schallplatten_gmbh,Agreement,01/12/1976,https://db-comp.eu/document_1661.download
rennet,Agreement,05/12/1979,https://db-comp.eu/document_1662.download
reuterbasf,Agreement,26/07/1976,https://db-comp.eu/document_1663.download
pabst_&_richarzbnia,Agreement,26/07/1976,https://db-comp.eu/document_1664.download
"bronbemaling_v.,_heidemaatschappij",Agreement,25/07/1975,https://db-comp.eu/document_1665.download
vifka,Agreement,30/09/1986,https://db-comp.eu/document_1666.download
cauliflowers,Agreement,02/12/1977,https://db-comp.eu/document_1667.download
milchfoìˆrderungsfonds,Agreement,07/12/1984,https://db-comp.eu/document_1668.download
wm._teacher_and_sons_ltd-conditions_of_sale,Agreement,28/07/1978,https://db-comp.eu/document_1669.download
fedetab,Agreement,20/07/1978,https://db-comp.eu/document_1670.download
intergroup,Agreement,14/07/1975,https://db-comp.eu/document_1671.download
breeders'_rights_-_maize_seed,Agreement,21/09/1978,https://db-comp.eu/document_1672.download
thealwatts,Agreement,21/12/1976,https://db-comp.eu/document_1673.download
"beechamparke,_davis",Agreement,17/01/1979,https://db-comp.eu/document_1674.download
unidi,Agreement,17/07/1975,https://db-comp.eu/document_1676.download
aeg-telefunken,Agreement,06/01/1982,https://db-comp.eu/document_1677.download
krups,Agreement,17/04/1980,https://db-comp.eu/document_1678.download
advocaat_zwarte_kip,Agreement,24/07/1974,https://db-comp.eu/document_1679.download
"the_distillers_company_limited,_conditions_of_sale_and_price_ternis",Agreement,20/12/1977,https://db-comp.eu/document_1680.download
national_sulphuric_acid_association,Agreement,09/07/1980,https://db-comp.eu/document_1682.download
sirdar-phildar,Agreement,05/03/1975,https://db-comp.eu/document_1683.download
london_rubber_terminal_market_association_limited,Agreement,13/12/1985,https://db-comp.eu/document_1685.download
london_cocoa_terminal_market_association_limited,Agreement,13/12/1985,https://db-comp.eu/document_1686.download
london_sugar_futures_market_limited,Agreement,13/12/1985,https://db-comp.eu/document_1687.download
smm_&_t_exhibition_agreement,Agreement,05/12/1983,https://db-comp.eu/document_1688.download
vacuum_interrupters_ltd,Agreement,11/12/1980,https://db-comp.eu/document_1689.download
vacuum_interrupters_ltd,Agreement,20/01/1977,https://db-comp.eu/document_1690.download
publishers_association_-_net_book_agreements,Agreement,12/12/1988,https://db-comp.eu/document_1691.download
franco-japanese_ballbearings_agreement,Agreement,29/11/1974,https://db-comp.eu/document_1692.download
de_lavalstork,Agreement,25/07/1977,https://db-comp.eu/document_1693.download
bayergist-brocades,Agreement,15/12/1975,https://db-comp.eu/document_1695.download
preserved_mushrooms,Agreement,08/01/1975,https://db-comp.eu/document_1696.download
deutsche_philips_gmbh,Agreement,05/10/1973,https://db-comp.eu/document_1697.download
primary_aluminium,Agreement,15/07/1975,https://db-comp.eu/document_1698.download
aoipbeyrard,Agreement,02/12/1975,https://db-comp.eu/document_1700.download
kewa,Agreement,23/12/1975,https://db-comp.eu/document_1703.download
european_sugar_industry,Agreement,02/01/1973,https://db-comp.eu/document_1704.download
hennessy-henkell,Agreement,11/12/1980,https://db-comp.eu/document_1706.download
shvchevron,Agreement,20/12/1974,https://db-comp.eu/document_1708.download
aluminium_imports_from_eastern_europe,Agreement,18/12/1984,https://db-comp.eu/document_1709.download
prymbeka,Agreement,08/10/1973,https://db-comp.eu/document_1711.download
ranksopelem,Agreement,20/12/1974,https://db-comp.eu/document_1718.download
frubo,Agreement,25/07/1974,https://db-comp.eu/document_1719.download
the_distillers_co._ltd_-_victuallers,Agreement,22/07/1980,https://db-comp.eu/document_1720.download
central_stikstof_verkoopkantoor,Agreement,20/07/1978,https://db-comp.eu/document_1727.download
gas_water-heaters_and_bath-heaters,Agreement,03/07/1973,https://db-comp.eu/document_1730.download
hasselblad,Agreement,02/12/1981,https://db-comp.eu/document_1731.download
ima_rules,Agreement,18/09/1980,https://db-comp.eu/document_1734.download
gero-fabriek,Agreement,22/12/1976,https://db-comp.eu/document_1735.download
goodyear_italiana-euram,Agreement,19/12/1974,https://db-comp.eu/document_1741.download
kabelmetalluchaire,Agreement,18/07/1975,https://db-comp.eu/document_1744.download
bayerische_motoren_werke_ag,Agreement,13/12/1974,https://db-comp.eu/document_1746.download
du_pont_de_nemours_deutschland,Agreement,14/06/1973,https://db-comp.eu/document_1747.download
junghans,Agreement,21/12/1976,https://db-comp.eu/document_1750.download
velcroaplix,Agreement,12/07/1985,https://db-comp.eu/document_1753.download
d.r.u.blondel,Agreement,08/07/1965,https://db-comp.eu/document_1754.download
zanussi,Agreement,23/10/1978,https://db-comp.eu/document_1756.download
saba,Agreement,15/12/1975,https://db-comp.eu/document_1757.download
kali_und_salzkali_chemie,Agreement,21/12/1973,https://db-comp.eu/document_1758.download
societe_commerciale_des_potasses_et_de_l'azote_(scpa),Agreement,11/05/1973,https://db-comp.eu/document_1759.download
stoves_and_heaters,Agreement,03/06/1975,https://db-comp.eu/document_1760.download
durodyne_-_europair,Agreement,19/12/1974,https://db-comp.eu/document_1768.download
vbbbnbvb,Agreement,25/11/1981,https://db-comp.eu/document_1771.download
papiers_peints_de_belgique,Agreement,23/07/1974,https://db-comp.eu/document_1772.download
bpica,Agreement,07/11/1977,https://db-comp.eu/document_1773.download
agreements_between_manufacturers_of_glass_containers,Agreement,15/05/1974,https://db-comp.eu/document_1776.download
cobelpavnp,Agreement,08/09/1977,https://db-comp.eu/document_1779.download
belgische_vereniging_der_bankenassociation_beige_des_banques,Agreement,11/12/1986,https://db-comp.eu/document_1781.download
bomee-stichting,Agreement,21/11/1975,https://db-comp.eu/document_1782.download
industrieverband_solnhofener_natursteinplatten_ev,Agreement,16/10/1980,https://db-comp.eu/document_1792.download
campari,Agreement,23/12/1977,https://db-comp.eu/document_1795.download
centraal_bureau_voor_de_rijwielhandel,Agreement,02/12/1977,https://db-comp.eu/document_1796.download
nicholas_freresvitapro,Agreement,30/07/1964,https://db-comp.eu/document_1801.download
cement,Agreement,30/11/1994,https://db-comp.eu/document_1807.download
chiquita,Dominance,17/12/1975,https://db-comp.eu/document_1808.download
gema,Dominance,02/06/1971,https://db-comp.eu/document_1809.download
continental_can_company,Dominance,09/12/1971,https://db-comp.eu/document_1810.download
zojacsc_-_ici,Dominance,14/12/1972,https://db-comp.eu/document_1811.download
abg_oil_companies_operating_in_the_netherlands,Dominance,19/04/1977,https://db-comp.eu/document_1812.download
general_motors_continental,Dominance,19/12/1974,https://db-comp.eu/document_1813.download
vitamins,Dominance,09/06/1976,https://db-comp.eu/document_1814.download
huginliptons,Dominance,08/12/1977,https://db-comp.eu/document_1815.download
gvl,Dominance,29/10/1981,https://db-comp.eu/document_1816.download
british_telecommunications,Dominance,10/12/1982,https://db-comp.eu/document_1817.download
michelin_i_-bandengroothandel_frieschebrug_bvnv_nederlandsche_banden-industrie_michelin,Dominance,07/10/1981,https://db-comp.eu/document_1818.download
napier_brown_-_british_sugar,Dominance,18/07/1988,https://db-comp.eu/document_1819.download
bl,Dominance,02/07/1984,https://db-comp.eu/document_1820.download
ecsakzo,Dominance,14/12/1985,https://db-comp.eu/document_1821.download
eurofix-bauco_v._hilti,Dominance,22/12/1987,https://db-comp.eu/document_1822.download
tetra_pak_ii,Dominance,24/07/1991,https://db-comp.eu/document_1825.download
"magill_tv_guideitp,_bbc_and_rte",Dominance,21/12/1988,https://db-comp.eu/document_1826.download
bpb_industries_pic,Dominance,05/12/1988,https://db-comp.eu/document_1827.download
flat_glass,Dominance,07/12/1988,https://db-comp.eu/document_1828.download
london_european_-_sabena,Dominance,04/11/1988,https://db-comp.eu/document_1829.download
"soda-ash_-_solvay,_cfk",Dominance,19/12/1990,https://db-comp.eu/document_1831.download
"soda-ash_-_solvay,_cfk",Dominance,19/12/1990,https://db-comp.eu/document_1832.download
warner-lambertgillette_and_bicgillette,Dominance,10/11/1992,https://db-comp.eu/document_1833.download
dsd_der_grune_punkt,Dominance,20/04/2001,https://db-comp.eu/document_1835.download
irish_sugar_pic,Dominance,14/05/1997,https://db-comp.eu/document_1836.download
virginbritish_airways,Dominance,14/07/1999,https://db-comp.eu/document_1837.download
flughafen_frankfurtmain_ag,Dominance,14/01/1998,https://db-comp.eu/document_1838.download
transatlantic_conference_agreemen,"Agreement, Dominance",16/09/1998,https://db-comp.eu/document_1840.download
deutsche_post_ag,Dominance,20/03/2001,https://db-comp.eu/document_1841.download
portuguese_airports,Dominance,10/02/1999,https://db-comp.eu/document_1843.download
poaena,Dominance,26/07/2000,https://db-comp.eu/document_1844.download
ilmailulaitosluftfartsverket,Dominance,10/02/1999,https://db-comp.eu/document_1845.download
amministrazione_autonoma_dei_monopoli_di_stato,Dominance,17/06/1998,https://db-comp.eu/document_1846.download
michelin,Dominance,20/06/2001,https://db-comp.eu/document_1847.download
1998_football_world_cup,Dominance,20/07/1999,https://db-comp.eu/document_1848.download
deutsche_post_ag_-_interception_of_cross-border_mail,Dominance,25/07/2001,https://db-comp.eu/document_1849.download
la_poste,Dominance,23/10/2001,https://db-comp.eu/document_1850.download
deutsche_telekom_ag,Dominance,21/05/2003,https://db-comp.eu/document_1851.download
astrazeneca,Dominance,15/06/2005,https://db-comp.eu/document_1852.download
gvgfs,Dominance,27/08/2003,https://db-comp.eu/document_1853.download
poste_italiane,Dominance,21/12/2000,https://db-comp.eu/document_1854.download
microsoft,Dominance,24/03/2004,https://db-comp.eu/document_1855.download
de_post-la_poste,Dominance,05/12/2001,https://db-comp.eu/document_1856.download
morgan_stanley_dean_wittervisa,"Agreement, Dominance",03/10/2007,https://db-comp.eu/document_1857.download
distrigaz,Dominance,11/10/2007,https://db-comp.eu/document_1858.download
intel,Dominance,13/05/2009,https://db-comp.eu/document_1859.download
clearstream,Dominance,02/06/2004,https://db-comp.eu/document_1860.download
prokent-tomra,Dominance,29/03/2006,https://db-comp.eu/document_1861.download
wanadoo_interactive,Dominance,16/07/2003,https://db-comp.eu/document_1862.download
greek_lignite_and_electricity_markets,Dominance,05/03/2008,https://db-comp.eu/document_1863.download
greek_lignite_and_electricity_markets,Dominance,04/08/2009,https://db-comp.eu/document_1864.download
greek_lignite_and_electricity_markets,Dominance,17/04/2018,https://db-comp.eu/document_1865.download
bdkepdeutsche_post_ag,Dominance,20/10/2004,https://db-comp.eu/document_1866.download
wanadoo_espana_vs._telefonica,Dominance,04/07/2007,https://db-comp.eu/document_1867.download
lundbeck,"Agreement, Dominance",19/06/2013,https://db-comp.eu/document_1868.download
slovak_telekom,Dominance,15/10/2014,https://db-comp.eu/document_1869.download
telekomunikacja_polska,Dominance,22/06/2011,https://db-comp.eu/document_1870.download
slovakian_postal,Dominance,07/10/2008,https://db-comp.eu/document_1871.download
perindopril_(servier),Dominance,09/07/2014,https://db-comp.eu/document_1872.download
qualcomm_(predation),Dominance,18/07/2019,https://db-comp.eu/document_1873.download
google_search_(shopping),Dominance,27/06/2017,https://db-comp.eu/document_1874.download
ara_foreclosure,Dominance,20/09/2016,https://db-comp.eu/document_1875.download
baltic_rail,Dominance,02/10/2017,https://db-comp.eu/document_1876.download
romanian_power_exchange__opcom,Dominance,05/03/2014,https://db-comp.eu/document_1877.download
motorola_-_enforcement_of_gprs_standard_essential_patent,Dominance,29/04/2014,https://db-comp.eu/document_1878.download
google_android,Dominance,18/07/2018,https://db-comp.eu/document_1879.download
ab_inbev_beer_trade_restrictions,Dominance,13/05/2019,https://db-comp.eu/document_1880.download
international_skating_unionâ€™s_eligibility_rules,"Agreement, Dominance",08/12/2017,https://db-comp.eu/document_1881.download
qualcomm_(exclusivity_payments),Dominance,24/01/2018,https://db-comp.eu/document_1883.download
postorderbondabn-amro,Dominance,08/09/1999,https://db-comp.eu/document_1884.download
"cewal,_cowac_and_ukwal",Dominance,30/04/2004,https://db-comp.eu/document_1885.download
gema_statutes,Dominance,04/12/1981,https://db-comp.eu/document_1886.download
p_&_i_clubs,Dominance,12/04/1999,https://db-comp.eu/document_1887.download
metaleurop_sa,Dominance,26/06/1990,https://db-comp.eu/document_1888.download
pelikan_kyocera,Dominance,22/09/1995,https://db-comp.eu/document_1890.download
ipspechiney,Dominance,07/11/1996,https://db-comp.eu/document_1891.download
fia_-_fiafoa_-_gtrfia_&_others,Dominance,13/06/2001,https://db-comp.eu/document_1893.download
itt_promedia_n.v.belgacom,Dominance,21/05/1996,https://db-comp.eu/document_1894.download
info-labricoh,Dominance,07/01/1999,https://db-comp.eu/document_1895.download
scandlines_sverige_ab_v_port_of_helsingborg,Dominance,23/07/2004,https://db-comp.eu/document_1896.download
sundbusserne_v_port_of_helsingborg,Dominance,23/07/2004,https://db-comp.eu/document_1897.download
alenia__eurocontrol,Dominance,12/02/2004,https://db-comp.eu/document_1898.download
fenin,Dominance,26/08/1999,https://db-comp.eu/document_1899.download
upsdp_and_dhl,Dominance,18/08/1999,https://db-comp.eu/document_1900.download
banghalter_&_homem_christo_v_sacem,"Agreement, Dominance",12/08/2002,https://db-comp.eu/document_1901.download
euromax_v._imax,Dominance,25/03/2004,https://db-comp.eu/document_1902.download
ufex_-_la_postechronopostrepublique_francaise,Dominance,19/11/2004,https://db-comp.eu/document_1903.download
de_beers'_supplier_of_choice,Dominance,09/11/2002,https://db-comp.eu/document_1904.download
vega_spa__cik-fia,Dominance,19/03/2004,https://db-comp.eu/document_1906.download
opodo,Dominance,09/12/2002,https://db-comp.eu/document_1907.download
watch_repair,Dominance,29/07/2014,https://db-comp.eu/document_1908.download
de_beersdtc_supplier_of_choice,Dominance,05/06/2008,https://db-comp.eu/document_1909.download
printers_(efim),Dominance,20/05/2009,https://db-comp.eu/document_1910.download
protege_international__pernod_ricard,Dominance,23/01/2009,https://db-comp.eu/document_1911.download
ceesaop_-_repsol,Dominance,28/04/2011,https://db-comp.eu/document_1912.download
supporters_juventus_turin_figc-coni-uefa-fifa,Dominance,12/05/2009,https://db-comp.eu/document_1913.download
"certain_joueur_de_tennis_professionnel_agence_mondiale_antidopage,_atp_tour_inc._et_fondation_conseil_international_de_l'arbitrage_en_matiere_de_sport","Agreement, Dominance",12/10/2009,https://db-comp.eu/document_1914.download
actiseota,Dominance,10/11/2014,https://db-comp.eu/document_1915.download
edf_wholesale_spot_electricity_market,Dominance,17/07/2014,https://db-comp.eu/document_1916.download
british_airwaysamerican_airlinesiberia,Dominance,20/06/2011,https://db-comp.eu/document_1917.download
vivendi_&_iliad__france_telecom,Dominance,02/07/2010,https://db-comp.eu/document_1918.download
certain_formula_one_engine_manufacturers,Dominance,04/08/2011,https://db-comp.eu/document_1919.download
restrictions_concerning_elt_books,Dominance,10/10/2012,https://db-comp.eu/document_1920.download
lml_italia_srl_e_lml_ltd_piaggio_&_c._spa,Dominance,08/10/2014,https://db-comp.eu/document_1921.download
omnismicrosoft,Dominance,01/12/2010,https://db-comp.eu/document_1922.download
omnismicrosoft,Dominance,29/01/2016,https://db-comp.eu/document_1923.download
stanleybet_groupopap,Dominance,19/12/2012,https://db-comp.eu/document_1924.download
volkswagen_group_italia_(audi_i),Dominance,05/02/2018,https://db-comp.eu/document_1925.download
volkswagen_group_italia_(audi_ii),"Agreement, Dominance",01/07/2016,https://db-comp.eu/document_1926.download
volkswagen_group_italia_(audi_iii),"Agreement, Dominance",01/07/2016,https://db-comp.eu/document_1927.download
contactdassault_&_ptc,Dominance,09/10/2015,https://db-comp.eu/document_1928.download
volkswagen_group_italia_(audi_v),"Agreement, Dominance",01/07/2016,https://db-comp.eu/document_1929.download
basf,Dominance,19/06/2015,https://db-comp.eu/document_1930.download
easyjetschiphol,Dominance,03/05/2013,https://db-comp.eu/document_1931.download
interactive_lab,Dominance,11/04/2018,https://db-comp.eu/document_1932.download
ryanairdublin_airport_authority_and_aer_lingus,Dominance,17/10/2013,https://db-comp.eu/document_1933.download
numericable_luxembourg,Dominance,29/03/2012,https://db-comp.eu/document_1934.download
licensing_of_intellectual_property_rights_for_football_collectibles,Dominance,15/07/2014,https://db-comp.eu/document_1935.download
ryanairaena,Dominance,25/02/2015,https://db-comp.eu/document_1936.download
led,Dominance,25/10/2019,https://db-comp.eu/document_1937.download
led,Dominance,25/10/2019,https://db-comp.eu/document_1938.download
refusal_to_provide_payment_services,Dominance,23/07/2014,https://db-comp.eu/document_1939.download
sucez,Dominance,24/03/2014,https://db-comp.eu/document_1940.download
velux,Dominance,14/06/2018,https://db-comp.eu/document_1941.download
carpentersubaru,Dominance,26/06/2018,https://db-comp.eu/document_1942.download
magyar_suzuki_corporation,Dominance,14/10/2014,https://db-comp.eu/document_1943.download
estonian_flour_millers,Dominance,09/11/2015,https://db-comp.eu/document_1945.download
electrical_plugs,Dominance,01/08/2014,https://db-comp.eu/document_1946.download
haradaclearing_bank_foreclosure_of_money_transmittance_market,Dominance,17/05/2017,https://db-comp.eu/document_1948.download
bp_europa,Dominance,11/09/2014,https://db-comp.eu/document_1949.download
mazda_motors_deutschland,Dominance,17/09/2014,https://db-comp.eu/document_1950.download
maco,Dominance,11/03/2016,https://db-comp.eu/document_1951.download
port_of_split,Dominance,28/11/2014,https://db-comp.eu/document_1952.download
krefelder_zement,Dominance,24/07/2017,https://db-comp.eu/document_1953.download
greek_horse_race_betting,Dominance,12/09/2016,https://db-comp.eu/document_1954.download
spanish_tobacco,Dominance,14/06/2017,https://db-comp.eu/document_1955.download
regalsysteme,Dominance,03/05/2018,https://db-comp.eu/document_1956.download
aquatrend,Dominance,21/01/2016,https://db-comp.eu/document_1957.download
air_freight_handling_warszawa_chopin_airport,Dominance,28/06/2016,https://db-comp.eu/document_1958.download
antral,Dominance,11/04/2016,https://db-comp.eu/document_1959.download
bromma_airport,Dominance,14/12/2016,https://db-comp.eu/document_1960.download
polish_gas_prices,Dominance,17/04/2019,https://db-comp.eu/document_1961.download
polish_sands,Dominance,23/07/2019,https://db-comp.eu/document_1962.download
de_beers,Dominance,22/02/2006,https://db-comp.eu/document_1963.download
rambus,Dominance,09/12/2009,https://db-comp.eu/document_1964.download
coca-cola,Dominance,22/06/2005,https://db-comp.eu/document_1965.download
rio_tinto_alcan,Dominance,20/12/2012,https://db-comp.eu/document_1966.download
eni,Dominance,29/09/2010,https://db-comp.eu/document_1967.download
gaz_de_france,Dominance,03/12/2009,https://db-comp.eu/document_1968.download
e.on_gas,Dominance,04/05/2010,https://db-comp.eu/document_1969.download
swedish_interconnectors,Dominance,14/04/2010,https://db-comp.eu/document_1970.download
long-term_contracts_france,Dominance,17/03/2010,https://db-comp.eu/document_1971.download
german_electricity_wholesale_market_-_german_electricity_balancing_market,Dominance,26/11/2008,https://db-comp.eu/document_1972.download
rwe_gas_foreclosure,Dominance,18/03/2009,https://db-comp.eu/document_1973.download
ship_classification,"Agreement, Dominance",14/10/2009,https://db-comp.eu/document_1974.download
microsoft_(tying),Dominance,16/12/2009,https://db-comp.eu/document_1975.download
standard_&_poor's,Dominance,15/11/2011,https://db-comp.eu/document_1976.download
continentalunitedlufthansaair_canada,"Agreement, Dominance",23/05/2013,https://db-comp.eu/document_1977.download
british_airwaysamerican_airlinesiberia,"Agreement, Dominance",14/07/2010,https://db-comp.eu/document_1978.download
reuters_instrument_codes,Dominance,20/12/2012,https://db-comp.eu/document_1979.download
deutsche_bahn_i_-_ii,Dominance,18/12/2013,https://db-comp.eu/document_1980.download
ibm_maintenance_services,Dominance,13/12/2011,https://db-comp.eu/document_1981.download
cez,Dominance,10/04/2013,https://db-comp.eu/document_1982.download
beh_electricity,Dominance,10/12/2015,https://db-comp.eu/document_1983.download
upstream_gas_supplies_in_central_and_eastern_europe,Dominance,24/05/2018,https://db-comp.eu/document_1984.download
samsung_-_enforcement_of_umts_standard_essential_patents,Dominance,29/04/2014,https://db-comp.eu/document_1985.download
romanian_gas_interconnectors,Dominance,06/03/2020,https://db-comp.eu/document_1986.download
dedk_interconnector,Dominance,07/12/2018,https://db-comp.eu/document_1988.download
ecsakzo,Dominance,29/07/1983,https://db-comp.eu/document_1989.download
sea_containers_v._stena_sealink,Dominance,21/12/1993,https://db-comp.eu/document_1990.download
irish_continental_group_v._cci_morlaix,Dominance,16/05/1995,https://db-comp.eu/document_1991.download
ndc_healthims_health,Dominance,03/07/2001,https://db-comp.eu/document_1992.download
broadcom,Dominance,16/10/2019,https://db-comp.eu/document_1993.download
ssa_bonds,Agreement,28/04/2021,https://db-comp.eu/document_2198.download
european_government_bonds,Agreement,20/05/2021,https://db-comp.eu/document_2199.download
euro_interest_rate_derivatives,Agreement,07/12/2016,https://db-comp.eu/document_2200.download
yen_interest_rate_derivatives_(yird),Agreement,04/02/2015,https://db-comp.eu/document_2201.download
car_emissions,Agreement,08/07/2021,https://db-comp.eu/document_2202.download
greek_lignite_and_electricity_markets,Dominance,10/09/2021,https://db-comp.eu/document_2203.download
rail_cargo,Agreement,20/04/2021,https://db-comp.eu/document_2204.download
aspen,Dominance,10/02/2021,https://db-comp.eu/document_2205.download
polish_airport,"Agreement, Dominance",02/07/2021,https://db-comp.eu/document_2206.download
polish_fuel_app,Dominance,03/12/2020,https://db-comp.eu/document_2207.download
broadcom,"Agreement, Dominance",07/10/2020,https://db-comp.eu/document_2208.download
langneseiglo_gmbh,Agreement,23/12/1992,https://db-comp.eu/document_2209.download
industrial_and_medical_gases,Agreement,24/07/2002,https://db-comp.eu/document_2210.download
closure_systems,Agreement,29/09/2020,https://db-comp.eu/document_2211.download
cephalon,Agreement,26/11/2020,https://db-comp.eu/document_2212.download
canned_vegetables,Agreement,27/09/2019,https://db-comp.eu/document_2213.download
philips,Agreement,24/07/2018,https://db-comp.eu/document_2214.download
pioneer,Agreement,24/07/2018,https://db-comp.eu/document_2215.download
ethylene,Agreement,14/07/2020,https://db-comp.eu/document_2216.download
guess,Agreement,27/12/2018,https://db-comp.eu/document_2217.download
character_merchandise,Agreement,09/07/2019,https://db-comp.eu/document_2218.download
film_merchandise,Agreement,30/01/2020,https://db-comp.eu/document_2219.download
ancillary_sports_merchandise,Agreement,25/03/2019,https://db-comp.eu/document_2220.download
asus,Agreement,24/07/2018,https://db-comp.eu/document_2221.download
denon_&_marantz,Agreement,24/07/2018,https://db-comp.eu/document_2222.download
melia_(holiday_pricing),Agreement,21/02/2020,https://db-comp.eu/document_2223.download
legal_fees_in_cyprus,Agreement,08/11/2018,https://db-comp.eu/document_2224.download
visa_mif,Agreement,08/12/2010,https://db-comp.eu/document_2225.download
visa_mif,Agreement,05/05/2012,https://db-comp.eu/document_2226.download
visa_mif,Agreement,26/02/2014,https://db-comp.eu/document_2227.download
visa_mif,Agreement,29/04/2019,https://db-comp.eu/document_2228.download
cross-border_access_to_pay-tv,Agreement,26/07/2016,https://db-comp.eu/document_2229.download
cross-border_access_to_pay-tv,Agreement,07/03/2019,https://db-comp.eu/document_2230.download
occupant_safety_systems_supplied_to_japanese_car_manufacturers,Agreement,22/11/2017,https://db-comp.eu/document_2233.download
google_search_(adsense),Dominance,20/03/2019,https://db-comp.eu/document_2234.download
dsd_der_grune_punkt,Agreement,17/09/2001,https://db-comp.eu/document_2235.download
at_40135_essex_express,Agreement,02/12/2021,https://db-comp.eu/document_2236.download
at_40135_sterling_lads,Agreement,02/12/2021,https://db-comp.eu/document_2237.download
at_40135_sterling_lads_(sensitive_comp_operations),Agreement,02/12/2021,https://db-comp.eu/document_2238.download
forex_-_three_way_banana_split,Agreement,16/05/2019,https://db-comp.eu/forex-three-way-banana-split.download
amazon_marketplace_and_amazon_buy_box,Dominance,20/12/2022,https://db-comp.eu/amazon-marketplace-and-amazon-buy-box.download
spanish_football_trainers,"Dominance, Agreement",02/07/2021,https://db-comp.eu/spanish-football-trainers.download
metal_packaging,Agreement,12/07/2022,https://db-comp.eu/metal-packaging.download
intel,Dominance,22/09/2023,https://db-comp.eu/document_2552.download
canned_vegetables,Agreement,27/09/2019,https://db-comp.eu/document_2553.download
network_sharing_-_czech_republic,Agreement,11/07/2022,https://db-comp.eu/document_2554.download
amazon_marketplace,Dominance,20/12/2022,https://db-comp.eu/document_2555.download
metal_packaging,Agreement,12/07/2022,https://db-comp.eu/document_2556.download
styrene_monomer,Agreement,29/11/2022,https://db-comp.eu/document_2557.download
belgian_sand,"Agreement, Dominance",13/01/2023,https://db-comp.eu/document_2558.download
amazon_buy_box,Dominance,20/12/2022,https://db-comp.eu/document_2559.download
retail_food_packaging,Agreement,17/12/2020,https://db-comp.eu/document_2623.download
telefónica_and_portugal_telecom,Agreement,25/01/2022,https://db-comp.eu/document_2624.download
forex,Agreement,02/12/2021,https://db-comp.eu/document_2625.download
network_sharing_-_czech_republic,Agreement,30/09/2022,https://db-comp.eu/document_2626.download
focus_home,Agreement,20/01/2021,https://db-comp.eu/document_2627.download
"focus_home,_koch_media,_zenimax,_bandai_namco,_capcom",Agreement,20/01/2021,https://db-comp.eu/document_2628.download
koch_media,Agreement,20/01/2021,https://db-comp.eu/document_2629.download
zenimax,Agreement,20/01/2021,https://db-comp.eu/document_2630.download
bandai_namco,Agreement,20/01/2021,https://db-comp.eu/document_2631.download
capcom,Agreement,20/01/2021,https://db-comp.eu/document_2632.download
apple_-_app_store_practices_(music_streaming),Dominance,04/03/2024,https://db-comp.eu/document_2633.download
insurance_ireland_insurance_claims_database_and_conditions_of_access,Agreement,30/06/2022,https://db-comp.eu/document_2634.download
online_rail_ticket_distribution_in_spain,Dominance,17/01/2024,https://db-comp.eu/document_2635.download
hand_grenades,Agreement,21/09/2023,https://db-comp.eu/document_2636.download
